danceability,energy,key,loudness,mode,speechiness,acousticness,instrumentalness,liveness,valence,tempo,type,id,uri,track_href,analysis_url,duration_ms,time_signature,genre
0.427,0.114,2,-22.546,0,0.0509,0.843,0.863,0.0966,0.114,60.484,audio_features,01HQIKjcODJCBRFoETqngE,spotify:track:01HQIKjcODJCBRFoETqngE,https://api.spotify.com/v1/tracks/01HQIKjcODJCBRFoETqngE,https://api.spotify.com/v1/audio-analysis/01HQIKjcODJCBRFoETqngE,282320,4,jazz
0.698,0.278,5,-15.425,1,0.0508,0.572,0.0233,0.105,0.77,81.079,audio_features,0488kXJ1YnLMrrM1ssJnev,spotify:track:0488kXJ1YnLMrrM1ssJnev,https://api.spotify.com/v1/tracks/0488kXJ1YnLMrrM1ssJnev,https://api.spotify.com/v1/audio-analysis/0488kXJ1YnLMrrM1ssJnev,385467,4,jazz
0.62,0.27,8,-10.294,1,0.0777,0.974,0.891,0.123,0.789,80.955,audio_features,06bPIc8B2Yo330rsRiPJmh,spotify:track:06bPIc8B2Yo330rsRiPJmh,https://api.spotify.com/v1/tracks/06bPIc8B2Yo330rsRiPJmh,https://api.spotify.com/v1/audio-analysis/06bPIc8B2Yo330rsRiPJmh,129675,4,jazz
0.889,0.545,9,-12.541,0,0.077,0.796,0.721,0.247,0.872,127.716,audio_features,08URSui7xZnMNZoGDiJ7LE,spotify:track:08URSui7xZnMNZoGDiJ7LE,https://api.spotify.com/v1/tracks/08URSui7xZnMNZoGDiJ7LE,https://api.spotify.com/v1/audio-analysis/08URSui7xZnMNZoGDiJ7LE,183524,4,jazz
0.677,0.198,1,-15.883,1,0.0384,0.823,0.134,0.0991,0.377,111.481,audio_features,09LiDGJYBF54rGsQqU8N8K,spotify:track:09LiDGJYBF54rGsQqU8N8K,https://api.spotify.com/v1/tracks/09LiDGJYBF54rGsQqU8N8K,https://api.spotify.com/v1/audio-analysis/09LiDGJYBF54rGsQqU8N8K,371440,4,jazz
0.356,0.324,7,-8.699,0,0.0289,0.704,0.0025,0.204,0.438,88.861,audio_features,09g9OlH3RDjbffMAnvBPgw,spotify:track:09g9OlH3RDjbffMAnvBPgw,https://api.spotify.com/v1/tracks/09g9OlH3RDjbffMAnvBPgw,https://api.spotify.com/v1/audio-analysis/09g9OlH3RDjbffMAnvBPgw,166133,4,jazz
0.443,0.0711,1,-20.146,1,0.0486,0.989,0.894,0.101,0.596,175.02,audio_features,0ADAFZE0bYIuaIyPNFl3LE,spotify:track:0ADAFZE0bYIuaIyPNFl3LE,https://api.spotify.com/v1/tracks/0ADAFZE0bYIuaIyPNFl3LE,https://api.spotify.com/v1/audio-analysis/0ADAFZE0bYIuaIyPNFl3LE,172293,4,jazz
0.34,0.0837,3,-12.072,1,0.042,0.985,0.761,0.0945,0.119,138.689,audio_features,0IffIW3eyCx9aZ36IqOu5o,spotify:track:0IffIW3eyCx9aZ36IqOu5o,https://api.spotify.com/v1/tracks/0IffIW3eyCx9aZ36IqOu5o,https://api.spotify.com/v1/audio-analysis/0IffIW3eyCx9aZ36IqOu5o,414240,3,jazz
0.38,0.164,7,-14.69,0,0.0452,0.985,0.955,0.125,0.0871,79.03,audio_features,0IxLWzmafWC5VTnpnvykJq,spotify:track:0IxLWzmafWC5VTnpnvykJq,https://api.spotify.com/v1/tracks/0IxLWzmafWC5VTnpnvykJq,https://api.spotify.com/v1/audio-analysis/0IxLWzmafWC5VTnpnvykJq,202640,4,jazz
0.655,0.432,5,-12.959,1,0.0615,0.993,0.931,0.695,0.847,121.144,audio_features,0Jj1fedg3oc7tGutC3uDL2,spotify:track:0Jj1fedg3oc7tGutC3uDL2,https://api.spotify.com/v1/tracks/0Jj1fedg3oc7tGutC3uDL2,https://api.spotify.com/v1/audio-analysis/0Jj1fedg3oc7tGutC3uDL2,195670,4,jazz
0.463,0.418,3,-8.677,1,0.123,0.984,0.888,0.525,0.718,196.814,audio_features,0LVo9axjYechyPt0NH3znn,spotify:track:0LVo9axjYechyPt0NH3znn,https://api.spotify.com/v1/tracks/0LVo9axjYechyPt0NH3znn,https://api.spotify.com/v1/audio-analysis/0LVo9axjYechyPt0NH3znn,178643,4,jazz
0.358,0.452,1,-13.02,1,0.0347,0.991,0.864,0.14,0.525,166.973,audio_features,0Otf1ZfYNIjhqFIuJk0fsy,spotify:track:0Otf1ZfYNIjhqFIuJk0fsy,https://api.spotify.com/v1/tracks/0Otf1ZfYNIjhqFIuJk0fsy,https://api.spotify.com/v1/audio-analysis/0Otf1ZfYNIjhqFIuJk0fsy,193867,4,jazz
0.534,0.322,5,-12.258,1,0.0386,0.931,0.378,0.109,0.491,99.195,audio_features,0Pi4O6sIhRTK8Cb8ssqfz9,spotify:track:0Pi4O6sIhRTK8Cb8ssqfz9,https://api.spotify.com/v1/tracks/0Pi4O6sIhRTK8Cb8ssqfz9,https://api.spotify.com/v1/audio-analysis/0Pi4O6sIhRTK8Cb8ssqfz9,569953,4,jazz
0.311,0.573,8,-11.401,1,0.071,0.609,0.0,0.091,0.403,178.108,audio_features,0VUc1mg82yM5Qj93xtzfDz,spotify:track:0VUc1mg82yM5Qj93xtzfDz,https://api.spotify.com/v1/tracks/0VUc1mg82yM5Qj93xtzfDz,https://api.spotify.com/v1/audio-analysis/0VUc1mg82yM5Qj93xtzfDz,439440,4,jazz
0.514,0.0814,0,-17.149,0,0.0361,0.978,0.00873,0.219,0.232,64.97,audio_features,0WPHL9IRv1Nm4xu21qxgnw,spotify:track:0WPHL9IRv1Nm4xu21qxgnw,https://api.spotify.com/v1/tracks/0WPHL9IRv1Nm4xu21qxgnw,https://api.spotify.com/v1/audio-analysis/0WPHL9IRv1Nm4xu21qxgnw,323200,3,jazz
0.421,0.0161,2,-25.358,0,0.0374,0.81,0.0021,0.0978,0.16,110.926,audio_features,0aWMVrwxPNYkKmFthzmpRi,spotify:track:0aWMVrwxPNYkKmFthzmpRi,https://api.spotify.com/v1/tracks/0aWMVrwxPNYkKmFthzmpRi,https://api.spotify.com/v1/audio-analysis/0aWMVrwxPNYkKmFthzmpRi,337733,4,jazz
0.53,0.143,8,-17.471,1,0.0423,0.958,0.497,0.278,0.119,125.464,audio_features,0ivpUENLpheuPoa6VuY1ax,spotify:track:0ivpUENLpheuPoa6VuY1ax,https://api.spotify.com/v1/tracks/0ivpUENLpheuPoa6VuY1ax,https://api.spotify.com/v1/audio-analysis/0ivpUENLpheuPoa6VuY1ax,442227,4,jazz
0.458,0.227,8,-10.74,1,0.0308,0.892,4.63e-05,0.0941,0.132,115.516,audio_features,0m560umx98aGNhKQvrFZMT,spotify:track:0m560umx98aGNhKQvrFZMT,https://api.spotify.com/v1/tracks/0m560umx98aGNhKQvrFZMT,https://api.spotify.com/v1/audio-analysis/0m560umx98aGNhKQvrFZMT,323187,4,jazz
0.457,0.395,5,-15.072,0,0.0376,0.652,4.52e-06,0.31,0.479,106.408,audio_features,0mHEBtkQ5H3PhAdWqLunva,spotify:track:0mHEBtkQ5H3PhAdWqLunva,https://api.spotify.com/v1/tracks/0mHEBtkQ5H3PhAdWqLunva,https://api.spotify.com/v1/audio-analysis/0mHEBtkQ5H3PhAdWqLunva,505693,3,jazz
0.616,0.331,2,-11.954,0,0.0433,0.743,2.26e-06,0.0596,0.595,82.317,audio_features,0nWGNAQG3bdcBTxRjEHsW8,spotify:track:0nWGNAQG3bdcBTxRjEHsW8,https://api.spotify.com/v1/tracks/0nWGNAQG3bdcBTxRjEHsW8,https://api.spotify.com/v1/audio-analysis/0nWGNAQG3bdcBTxRjEHsW8,528640,4,jazz
0.429,0.304,8,-12.261,1,0.0436,0.742,0.000674,0.175,0.361,75.075,audio_features,0tUq1zaYNoV6ZiYRU2bjqf,spotify:track:0tUq1zaYNoV6ZiYRU2bjqf,https://api.spotify.com/v1/tracks/0tUq1zaYNoV6ZiYRU2bjqf,https://api.spotify.com/v1/audio-analysis/0tUq1zaYNoV6ZiYRU2bjqf,589200,4,jazz
0.489,0.282,3,-11.543,1,0.0518,0.807,0.768,0.692,0.157,89.415,audio_features,0vJTFxKhe3yhti1S62IEDO,spotify:track:0vJTFxKhe3yhti1S62IEDO,https://api.spotify.com/v1/tracks/0vJTFxKhe3yhti1S62IEDO,https://api.spotify.com/v1/audio-analysis/0vJTFxKhe3yhti1S62IEDO,547227,4,jazz
0.489,0.434,7,-11.591,0,0.0327,0.873,0.195,0.116,0.668,104.138,audio_features,0vzC63EYz5xG1CH7U9FAqT,spotify:track:0vzC63EYz5xG1CH7U9FAqT,https://api.spotify.com/v1/tracks/0vzC63EYz5xG1CH7U9FAqT,https://api.spotify.com/v1/audio-analysis/0vzC63EYz5xG1CH7U9FAqT,373133,4,jazz
0.511,0.00211,3,-24.812,0,0.195,0.993,0.982,0.113,0.255,107.949,audio_features,0wvbb2MxlokwqSvbeoOOHv,spotify:track:0wvbb2MxlokwqSvbeoOOHv,https://api.spotify.com/v1/tracks/0wvbb2MxlokwqSvbeoOOHv,https://api.spotify.com/v1/audio-analysis/0wvbb2MxlokwqSvbeoOOHv,77533,5,jazz
0.597,0.128,9,-16.656,0,0.0491,0.959,0.000704,0.123,0.34,128.393,audio_features,0xcJPMoBe9FenntXbfyx97,spotify:track:0xcJPMoBe9FenntXbfyx97,https://api.spotify.com/v1/tracks/0xcJPMoBe9FenntXbfyx97,https://api.spotify.com/v1/audio-analysis/0xcJPMoBe9FenntXbfyx97,254400,4,jazz
0.574,0.541,10,-12.369,0,0.0566,0.387,0.00183,0.301,0.679,129.335,audio_features,11cHTwgw5L3qrNcv5Ugv0O,spotify:track:11cHTwgw5L3qrNcv5Ugv0O,https://api.spotify.com/v1/tracks/11cHTwgw5L3qrNcv5Ugv0O,https://api.spotify.com/v1/audio-analysis/11cHTwgw5L3qrNcv5Ugv0O,298960,4,jazz
0.417,0.11,5,-16.504,0,0.0405,0.951,0.721,0.174,0.22,57.312,audio_features,11vaRXRIFXJTRr3BuzNbk5,spotify:track:11vaRXRIFXJTRr3BuzNbk5,https://api.spotify.com/v1/tracks/11vaRXRIFXJTRr3BuzNbk5,https://api.spotify.com/v1/audio-analysis/11vaRXRIFXJTRr3BuzNbk5,313440,4,jazz
0.469,0.162,1,-12.677,1,0.0332,0.936,0.496,0.0981,0.238,91.839,audio_features,15MO6wBxwP10ZHy7DCVk4V,spotify:track:15MO6wBxwP10ZHy7DCVk4V,https://api.spotify.com/v1/tracks/15MO6wBxwP10ZHy7DCVk4V,https://api.spotify.com/v1/audio-analysis/15MO6wBxwP10ZHy7DCVk4V,213960,3,jazz
0.582,0.343,5,-8.004,0,0.0428,0.735,0.0,0.125,0.462,88.144,audio_features,16Po3i2Kcsy74jz0lp6fdJ,spotify:track:16Po3i2Kcsy74jz0lp6fdJ,https://api.spotify.com/v1/tracks/16Po3i2Kcsy74jz0lp6fdJ,https://api.spotify.com/v1/audio-analysis/16Po3i2Kcsy74jz0lp6fdJ,424640,4,jazz
0.457,0.548,5,-12.486,0,0.0551,0.111,0.00016,0.103,0.76,88.8,audio_features,16nJl8NnriCJxraco5Zssm,spotify:track:16nJl8NnriCJxraco5Zssm,https://api.spotify.com/v1/tracks/16nJl8NnriCJxraco5Zssm,https://api.spotify.com/v1/audio-analysis/16nJl8NnriCJxraco5Zssm,440840,4,jazz
0.803,0.335,8,-13.331,1,0.0451,0.579,0.0128,0.0849,0.786,132.682,audio_features,18A1V1vsy5YgHFqb4galTw,spotify:track:18A1V1vsy5YgHFqb4galTw,https://api.spotify.com/v1/tracks/18A1V1vsy5YgHFqb4galTw,https://api.spotify.com/v1/audio-analysis/18A1V1vsy5YgHFqb4galTw,330440,4,jazz
0.461,0.131,10,-14.808,1,0.0295,0.959,0.885,0.187,0.109,65.905,audio_features,1BMirA3vwj2NLamWkJsVYq,spotify:track:1BMirA3vwj2NLamWkJsVYq,https://api.spotify.com/v1/tracks/1BMirA3vwj2NLamWkJsVYq,https://api.spotify.com/v1/audio-analysis/1BMirA3vwj2NLamWkJsVYq,381520,4,jazz
0.742,0.671,5,-8.142,0,0.0407,0.794,0.00441,0.122,0.591,127.359,audio_features,1CDBaGlisZlOJzvx88lL8A,spotify:track:1CDBaGlisZlOJzvx88lL8A,https://api.spotify.com/v1/tracks/1CDBaGlisZlOJzvx88lL8A,https://api.spotify.com/v1/audio-analysis/1CDBaGlisZlOJzvx88lL8A,438280,4,jazz
0.421,0.0978,7,-16.397,0,0.05,0.908,0.336,0.225,0.192,79.292,audio_features,1E8CLofdHL6FVq4PXIIw9x,spotify:track:1E8CLofdHL6FVq4PXIIw9x,https://api.spotify.com/v1/tracks/1E8CLofdHL6FVq4PXIIw9x,https://api.spotify.com/v1/audio-analysis/1E8CLofdHL6FVq4PXIIw9x,763467,4,jazz
0.526,0.514,0,-8.255,1,0.0319,0.47,0.00277,0.146,0.497,126.877,audio_features,1FLxsGyDzqHbVkug76fHcu,spotify:track:1FLxsGyDzqHbVkug76fHcu,https://api.spotify.com/v1/tracks/1FLxsGyDzqHbVkug76fHcu,https://api.spotify.com/v1/audio-analysis/1FLxsGyDzqHbVkug76fHcu,653523,4,jazz
0.359,0.0955,5,-15.64,1,0.0395,0.908,0.514,0.124,0.229,87.696,audio_features,1Fo98RNzO78WnMtkZKZXMW,spotify:track:1Fo98RNzO78WnMtkZKZXMW,https://api.spotify.com/v1/tracks/1Fo98RNzO78WnMtkZKZXMW,https://api.spotify.com/v1/audio-analysis/1Fo98RNzO78WnMtkZKZXMW,240000,4,jazz
0.517,0.273,10,-17.279,0,0.0627,0.866,0.774,0.979,0.321,63.423,audio_features,1GZD0TZJHmdQaZsucHBmWT,spotify:track:1GZD0TZJHmdQaZsucHBmWT,https://api.spotify.com/v1/tracks/1GZD0TZJHmdQaZsucHBmWT,https://api.spotify.com/v1/audio-analysis/1GZD0TZJHmdQaZsucHBmWT,354573,4,jazz
0.52,0.0229,1,-20.981,1,0.0442,0.953,0.318,0.135,0.121,112.016,audio_features,1K9ZQp0NlmA88ptI26K4U1,spotify:track:1K9ZQp0NlmA88ptI26K4U1,https://api.spotify.com/v1/tracks/1K9ZQp0NlmA88ptI26K4U1,https://api.spotify.com/v1/audio-analysis/1K9ZQp0NlmA88ptI26K4U1,437107,4,jazz
0.431,0.651,10,-7.403,0,0.0585,0.335,0.398,0.788,0.333,141.943,audio_features,1LyRNjok1fB95lga42wYBe,spotify:track:1LyRNjok1fB95lga42wYBe,https://api.spotify.com/v1/tracks/1LyRNjok1fB95lga42wYBe,https://api.spotify.com/v1/audio-analysis/1LyRNjok1fB95lga42wYBe,417454,4,jazz
0.392,0.119,5,-18.487,1,0.039,0.959,0.682,0.0972,0.179,103.886,audio_features,1N8kgdsicbNkQE0QettJvg,spotify:track:1N8kgdsicbNkQE0QettJvg,https://api.spotify.com/v1/tracks/1N8kgdsicbNkQE0QettJvg,https://api.spotify.com/v1/audio-analysis/1N8kgdsicbNkQE0QettJvg,376546,4,jazz
0.475,0.0588,5,-17.464,0,0.0418,0.89,0.0238,0.129,0.241,115.642,audio_features,1Rph9i0FWKDa9Aq9H4iiMx,spotify:track:1Rph9i0FWKDa9Aq9H4iiMx,https://api.spotify.com/v1/tracks/1Rph9i0FWKDa9Aq9H4iiMx,https://api.spotify.com/v1/audio-analysis/1Rph9i0FWKDa9Aq9H4iiMx,206360,4,jazz
0.612,0.354,0,-11.61,1,0.0434,0.79,0.00114,0.133,0.477,131.971,audio_features,1Tb6WjH20N2SWfZOfnVvmE,spotify:track:1Tb6WjH20N2SWfZOfnVvmE,https://api.spotify.com/v1/tracks/1Tb6WjH20N2SWfZOfnVvmE,https://api.spotify.com/v1/audio-analysis/1Tb6WjH20N2SWfZOfnVvmE,479386,4,jazz
0.656,0.241,9,-13.404,0,0.0555,0.812,0.423,0.303,0.463,80.098,audio_features,1UCKIQCLRRcc3GFQDJp45y,spotify:track:1UCKIQCLRRcc3GFQDJp45y,https://api.spotify.com/v1/tracks/1UCKIQCLRRcc3GFQDJp45y,https://api.spotify.com/v1/audio-analysis/1UCKIQCLRRcc3GFQDJp45y,255627,4,jazz
0.438,0.0172,9,-23.66,1,0.0384,0.973,0.557,0.0815,0.136,101.01,audio_features,1WygPWqmNs4s2fxtjmtI3O,spotify:track:1WygPWqmNs4s2fxtjmtI3O,https://api.spotify.com/v1/tracks/1WygPWqmNs4s2fxtjmtI3O,https://api.spotify.com/v1/audio-analysis/1WygPWqmNs4s2fxtjmtI3O,354667,4,jazz
0.454,0.26,8,-13.193,0,0.0401,0.539,0.00078,0.0675,0.598,174.322,audio_features,1YQWosTIljIvxAgHWTp7KP,spotify:track:1YQWosTIljIvxAgHWTp7KP,https://api.spotify.com/v1/tracks/1YQWosTIljIvxAgHWTp7KP,https://api.spotify.com/v1/audio-analysis/1YQWosTIljIvxAgHWTp7KP,324133,5,jazz
0.436,0.423,5,-12.448,0,0.0341,0.867,0.0661,0.206,0.787,149.338,audio_features,1Yf3tsIGQa62mGKP1IdmW1,spotify:track:1Yf3tsIGQa62mGKP1IdmW1,https://api.spotify.com/v1/tracks/1Yf3tsIGQa62mGKP1IdmW1,https://api.spotify.com/v1/audio-analysis/1Yf3tsIGQa62mGKP1IdmW1,264280,4,jazz
0.235,0.298,1,-12.598,1,0.0363,0.844,0.0624,0.17,0.335,176.213,audio_features,1ZqkIwpnF41kBnzugdxWyB,spotify:track:1ZqkIwpnF41kBnzugdxWyB,https://api.spotify.com/v1/tracks/1ZqkIwpnF41kBnzugdxWyB,https://api.spotify.com/v1/audio-analysis/1ZqkIwpnF41kBnzugdxWyB,145360,1,jazz
0.224,0.0937,10,-15.641,1,0.0343,0.98,0.784,0.107,0.0998,168.418,audio_features,1dLb36wK59q5QgGCZE9YyK,spotify:track:1dLb36wK59q5QgGCZE9YyK,https://api.spotify.com/v1/tracks/1dLb36wK59q5QgGCZE9YyK,https://api.spotify.com/v1/audio-analysis/1dLb36wK59q5QgGCZE9YyK,186707,3,jazz
0.473,0.67,8,-7.756,1,0.0353,0.446,3.15e-06,0.0957,0.808,152.484,audio_features,1dZHIbmuBDAwXfQOM4dyM3,spotify:track:1dZHIbmuBDAwXfQOM4dyM3,https://api.spotify.com/v1/tracks/1dZHIbmuBDAwXfQOM4dyM3,https://api.spotify.com/v1/audio-analysis/1dZHIbmuBDAwXfQOM4dyM3,625293,4,jazz
0.559,0.0348,0,-17.576,0,0.0484,0.989,0.231,0.0925,0.382,83.089,audio_features,1eghoZLe436O2AHiZaoGVQ,spotify:track:1eghoZLe436O2AHiZaoGVQ,https://api.spotify.com/v1/tracks/1eghoZLe436O2AHiZaoGVQ,https://api.spotify.com/v1/audio-analysis/1eghoZLe436O2AHiZaoGVQ,208469,4,jazz
0.303,0.0141,10,-19.759,0,0.0418,0.948,0.0944,0.0792,0.157,171.439,audio_features,1hVRTl4yhWmGW7ImZoO22e,spotify:track:1hVRTl4yhWmGW7ImZoO22e,https://api.spotify.com/v1/tracks/1hVRTl4yhWmGW7ImZoO22e,https://api.spotify.com/v1/audio-analysis/1hVRTl4yhWmGW7ImZoO22e,258266,3,jazz
0.49,0.325,2,-15.467,0,0.0297,0.88,0.748,0.173,0.589,82.72,audio_features,1naAJTChEt0ri0MIklCRZ5,spotify:track:1naAJTChEt0ri0MIklCRZ5,https://api.spotify.com/v1/tracks/1naAJTChEt0ri0MIklCRZ5,https://api.spotify.com/v1/audio-analysis/1naAJTChEt0ri0MIklCRZ5,573254,4,jazz
0.526,0.0921,4,-14.569,0,0.0386,0.918,0.329,0.116,0.292,115.388,audio_features,1r1JtYz4XhvIIU1bIMQ0cn,spotify:track:1r1JtYz4XhvIIU1bIMQ0cn,https://api.spotify.com/v1/tracks/1r1JtYz4XhvIIU1bIMQ0cn,https://api.spotify.com/v1/audio-analysis/1r1JtYz4XhvIIU1bIMQ0cn,452333,4,jazz
0.528,0.166,8,-14.777,1,0.0458,0.817,0.0135,0.13,0.252,69.775,audio_features,1rAeLlQbDVLzlw14rirNQ4,spotify:track:1rAeLlQbDVLzlw14rirNQ4,https://api.spotify.com/v1/tracks/1rAeLlQbDVLzlw14rirNQ4,https://api.spotify.com/v1/audio-analysis/1rAeLlQbDVLzlw14rirNQ4,667938,4,jazz
0.485,0.551,0,-11.115,0,0.0283,0.39,0.0,0.0814,0.452,116.162,audio_features,1tckg6GRaTodmxnDd4Cxkl,spotify:track:1tckg6GRaTodmxnDd4Cxkl,https://api.spotify.com/v1/tracks/1tckg6GRaTodmxnDd4Cxkl,https://api.spotify.com/v1/audio-analysis/1tckg6GRaTodmxnDd4Cxkl,330093,4,jazz
0.542,0.32,8,-9.975,1,0.0387,0.907,0.649,0.0609,0.206,116.648,audio_features,1wl5b2lw3YagQtZiYZbQWP,spotify:track:1wl5b2lw3YagQtZiYZbQWP,https://api.spotify.com/v1/tracks/1wl5b2lw3YagQtZiYZbQWP,https://api.spotify.com/v1/audio-analysis/1wl5b2lw3YagQtZiYZbQWP,193840,4,jazz
0.425,0.0429,1,-24.86,1,0.0408,0.951,0.0184,0.148,0.255,96.097,audio_features,1xaTXPoDk4VOU9XhYX4KJM,spotify:track:1xaTXPoDk4VOU9XhYX4KJM,https://api.spotify.com/v1/tracks/1xaTXPoDk4VOU9XhYX4KJM,https://api.spotify.com/v1/audio-analysis/1xaTXPoDk4VOU9XhYX4KJM,419627,4,jazz
0.553,0.546,9,-7.459,0,0.0341,0.442,0.000514,0.167,0.7,118.215,audio_features,1xicvSO4CJ2ymqYgpk7DFh,spotify:track:1xicvSO4CJ2ymqYgpk7DFh,https://api.spotify.com/v1/tracks/1xicvSO4CJ2ymqYgpk7DFh,https://api.spotify.com/v1/audio-analysis/1xicvSO4CJ2ymqYgpk7DFh,342067,4,jazz
0.447,0.13,2,-14.404,0,0.0386,0.971,0.444,0.108,0.178,106.607,audio_features,1ylwBTCAZ1WlvvMnWm6U3c,spotify:track:1ylwBTCAZ1WlvvMnWm6U3c,https://api.spotify.com/v1/tracks/1ylwBTCAZ1WlvvMnWm6U3c,https://api.spotify.com/v1/audio-analysis/1ylwBTCAZ1WlvvMnWm6U3c,426800,4,jazz
0.506,0.115,0,-14.981,0,0.0374,0.895,0.000958,0.152,0.282,140.3,audio_features,1ym1lD3PJ3xYfwlSR6NlCe,spotify:track:1ym1lD3PJ3xYfwlSR6NlCe,https://api.spotify.com/v1/tracks/1ym1lD3PJ3xYfwlSR6NlCe,https://api.spotify.com/v1/audio-analysis/1ym1lD3PJ3xYfwlSR6NlCe,363800,4,jazz
0.489,0.0792,8,-19.698,1,0.0376,0.958,0.637,0.0957,0.334,108.938,audio_features,25VmzSltVSB9vwNi6fbhr7,spotify:track:25VmzSltVSB9vwNi6fbhr7,https://api.spotify.com/v1/tracks/25VmzSltVSB9vwNi6fbhr7,https://api.spotify.com/v1/audio-analysis/25VmzSltVSB9vwNi6fbhr7,336133,4,jazz
0.444,0.339,3,-16.936,1,0.0417,0.66,0.103,0.163,0.657,142.112,audio_features,2C3rh8eX5vltOmwrz9I78n,spotify:track:2C3rh8eX5vltOmwrz9I78n,https://api.spotify.com/v1/tracks/2C3rh8eX5vltOmwrz9I78n,https://api.spotify.com/v1/audio-analysis/2C3rh8eX5vltOmwrz9I78n,456360,4,jazz
0.723,0.34,3,-12.463,1,0.0409,0.967,0.919,0.24,0.863,106.635,audio_features,2CgBTebgm4RMT2h74eku6u,spotify:track:2CgBTebgm4RMT2h74eku6u,https://api.spotify.com/v1/tracks/2CgBTebgm4RMT2h74eku6u,https://api.spotify.com/v1/audio-analysis/2CgBTebgm4RMT2h74eku6u,195739,4,jazz
0.441,0.281,5,-20.118,0,0.0516,0.829,0.894,0.68,0.444,116.551,audio_features,2JDGyG1zA8tZ4fJK9SsIRk,spotify:track:2JDGyG1zA8tZ4fJK9SsIRk,https://api.spotify.com/v1/tracks/2JDGyG1zA8tZ4fJK9SsIRk,https://api.spotify.com/v1/audio-analysis/2JDGyG1zA8tZ4fJK9SsIRk,534787,4,jazz
0.277,0.242,4,-18.442,1,0.0342,0.694,0.464,0.113,0.285,175.384,audio_features,2JOEPbuwVf0nafGnMSVEhH,spotify:track:2JOEPbuwVf0nafGnMSVEhH,https://api.spotify.com/v1/tracks/2JOEPbuwVf0nafGnMSVEhH,https://api.spotify.com/v1/audio-analysis/2JOEPbuwVf0nafGnMSVEhH,824133,3,jazz
0.326,0.0575,4,-16.5,1,0.0393,0.99,0.887,0.281,0.301,127.397,audio_features,2JR1WeETsXmFR1kRC2oXXq,spotify:track:2JR1WeETsXmFR1kRC2oXXq,https://api.spotify.com/v1/tracks/2JR1WeETsXmFR1kRC2oXXq,https://api.spotify.com/v1/audio-analysis/2JR1WeETsXmFR1kRC2oXXq,168667,5,jazz
0.498,0.316,7,-11.801,0,0.0449,0.903,0.29,0.0826,0.652,144.855,audio_features,2KS7M1PCw0OmmDBtjS9aiu,spotify:track:2KS7M1PCw0OmmDBtjS9aiu,https://api.spotify.com/v1/tracks/2KS7M1PCw0OmmDBtjS9aiu,https://api.spotify.com/v1/audio-analysis/2KS7M1PCw0OmmDBtjS9aiu,745130,4,jazz
0.537,0.284,0,-17.392,0,0.0479,0.825,0.000674,0.197,0.835,104.978,audio_features,2Mhetc2ROHA90c8PocSmkz,spotify:track:2Mhetc2ROHA90c8PocSmkz,https://api.spotify.com/v1/tracks/2Mhetc2ROHA90c8PocSmkz,https://api.spotify.com/v1/audio-analysis/2Mhetc2ROHA90c8PocSmkz,234933,4,jazz
0.542,0.336,7,-16.471,1,0.101,0.792,3.62e-06,0.0692,0.864,65.712,audio_features,2OAuGr57lTjhMwOXQHZpXW,spotify:track:2OAuGr57lTjhMwOXQHZpXW,https://api.spotify.com/v1/tracks/2OAuGr57lTjhMwOXQHZpXW,https://api.spotify.com/v1/audio-analysis/2OAuGr57lTjhMwOXQHZpXW,202013,5,jazz
0.511,0.031,3,-19.636,1,0.0388,0.939,0.898,0.139,0.179,112.911,audio_features,2QZtOFPATNgKpUJiGUARZk,spotify:track:2QZtOFPATNgKpUJiGUARZk,https://api.spotify.com/v1/tracks/2QZtOFPATNgKpUJiGUARZk,https://api.spotify.com/v1/audio-analysis/2QZtOFPATNgKpUJiGUARZk,318413,4,jazz
0.464,0.407,5,-12.609,0,0.168,0.789,0.523,0.388,0.59,175.646,audio_features,2T2dZS32UGZCKgZcnkFGb9,spotify:track:2T2dZS32UGZCKgZcnkFGb9,https://api.spotify.com/v1/tracks/2T2dZS32UGZCKgZcnkFGb9,https://api.spotify.com/v1/audio-analysis/2T2dZS32UGZCKgZcnkFGb9,490670,4,jazz
0.568,0.323,7,-13.08,1,0.0443,0.984,0.909,0.823,0.804,95.892,audio_features,2cJfgt7xgH4hbxvAybSHKg,spotify:track:2cJfgt7xgH4hbxvAybSHKg,https://api.spotify.com/v1/tracks/2cJfgt7xgH4hbxvAybSHKg,https://api.spotify.com/v1/audio-analysis/2cJfgt7xgH4hbxvAybSHKg,172519,4,jazz
0.498,0.465,8,-12.336,1,0.0478,0.59,0.000483,0.213,0.74,142.729,audio_features,2gdN8ICQeqIzAi5uJlJQAb,spotify:track:2gdN8ICQeqIzAi5uJlJQAb,https://api.spotify.com/v1/tracks/2gdN8ICQeqIzAi5uJlJQAb,https://api.spotify.com/v1/audio-analysis/2gdN8ICQeqIzAi5uJlJQAb,588238,4,jazz
0.496,0.634,5,-10.328,0,0.0364,0.779,0.402,0.0746,0.606,93.357,audio_features,2iUrcZcAuVIahQD0dg9HLe,spotify:track:2iUrcZcAuVIahQD0dg9HLe,https://api.spotify.com/v1/tracks/2iUrcZcAuVIahQD0dg9HLe,https://api.spotify.com/v1/audio-analysis/2iUrcZcAuVIahQD0dg9HLe,423573,4,jazz
0.647,0.512,7,-13.619,1,0.0745,0.0503,0.925,0.0989,0.582,116.981,audio_features,2jfiDZCg4UjLJEFktdcAV4,spotify:track:2jfiDZCg4UjLJEFktdcAV4,https://api.spotify.com/v1/tracks/2jfiDZCg4UjLJEFktdcAV4,https://api.spotify.com/v1/audio-analysis/2jfiDZCg4UjLJEFktdcAV4,119827,4,jazz
0.515,0.339,7,-16.457,0,0.0283,0.823,0.317,0.109,0.519,135.694,audio_features,2jz7vSAguRJmBHEA4I6C4N,spotify:track:2jz7vSAguRJmBHEA4I6C4N,https://api.spotify.com/v1/tracks/2jz7vSAguRJmBHEA4I6C4N,https://api.spotify.com/v1/audio-analysis/2jz7vSAguRJmBHEA4I6C4N,451733,3,jazz
0.652,0.356,5,-13.733,0,0.0419,0.546,0.000103,0.132,0.56,148.822,audio_features,2kF9Ijd7I2Kk2P4bYqUmzG,spotify:track:2kF9Ijd7I2Kk2P4bYqUmzG,https://api.spotify.com/v1/tracks/2kF9Ijd7I2Kk2P4bYqUmzG,https://api.spotify.com/v1/audio-analysis/2kF9Ijd7I2Kk2P4bYqUmzG,242347,4,jazz
0.505,0.0871,8,-12.518,1,0.0391,0.978,0.833,0.0794,0.331,125.206,audio_features,2myfGe1fBz9QVr7IYZXb78,spotify:track:2myfGe1fBz9QVr7IYZXb78,https://api.spotify.com/v1/tracks/2myfGe1fBz9QVr7IYZXb78,https://api.spotify.com/v1/audio-analysis/2myfGe1fBz9QVr7IYZXb78,224693,4,jazz
0.568,0.291,2,-11.124,1,0.0347,0.932,0.0909,0.121,0.695,101.919,audio_features,2pDgRaQKloBsggxIBny2FU,spotify:track:2pDgRaQKloBsggxIBny2FU,https://api.spotify.com/v1/tracks/2pDgRaQKloBsggxIBny2FU,https://api.spotify.com/v1/audio-analysis/2pDgRaQKloBsggxIBny2FU,247837,4,jazz
0.534,0.075,0,-29.153,0,0.0755,0.965,0.846,0.7,0.35,89.272,audio_features,2vKiEhLFep4Jsr7HI3KNbZ,spotify:track:2vKiEhLFep4Jsr7HI3KNbZ,https://api.spotify.com/v1/tracks/2vKiEhLFep4Jsr7HI3KNbZ,https://api.spotify.com/v1/audio-analysis/2vKiEhLFep4Jsr7HI3KNbZ,278879,4,jazz
0.529,0.738,11,-11.022,0,0.122,0.589,0.0612,0.0817,0.821,129.175,audio_features,2x63BMUEwoeTcfjHEdIH4R,spotify:track:2x63BMUEwoeTcfjHEdIH4R,https://api.spotify.com/v1/tracks/2x63BMUEwoeTcfjHEdIH4R,https://api.spotify.com/v1/audio-analysis/2x63BMUEwoeTcfjHEdIH4R,773280,4,jazz
0.638,0.186,8,-15.831,1,0.0347,0.703,0.00103,0.118,0.498,128.372,audio_features,2x91iJc0UkFcjRMEZ2CoWB,spotify:track:2x91iJc0UkFcjRMEZ2CoWB,https://api.spotify.com/v1/tracks/2x91iJc0UkFcjRMEZ2CoWB,https://api.spotify.com/v1/audio-analysis/2x91iJc0UkFcjRMEZ2CoWB,586400,4,jazz
0.58,0.0242,0,-19.099,1,0.0674,0.986,0.0778,0.107,0.178,129.722,audio_features,2yUwuEwgS6WyIf2YanF8Ax,spotify:track:2yUwuEwgS6WyIf2YanF8Ax,https://api.spotify.com/v1/tracks/2yUwuEwgS6WyIf2YanF8Ax,https://api.spotify.com/v1/audio-analysis/2yUwuEwgS6WyIf2YanF8Ax,221293,4,jazz
0.265,0.264,0,-11.639,0,0.0316,0.76,0.0655,0.189,0.186,82.629,audio_features,30KOPTzr6kkko2HdH1HjoI,spotify:track:30KOPTzr6kkko2HdH1HjoI,https://api.spotify.com/v1/tracks/30KOPTzr6kkko2HdH1HjoI,https://api.spotify.com/v1/audio-analysis/30KOPTzr6kkko2HdH1HjoI,332320,3,jazz
0.503,0.356,3,-9.828,1,0.0436,0.971,0.921,0.313,0.755,95.494,audio_features,30TJH9bWoNIysnajIqVpNf,spotify:track:30TJH9bWoNIysnajIqVpNf,https://api.spotify.com/v1/tracks/30TJH9bWoNIysnajIqVpNf,https://api.spotify.com/v1/audio-analysis/30TJH9bWoNIysnajIqVpNf,156222,4,jazz
0.439,0.538,7,-7.324,1,0.0345,0.773,0.00343,0.182,0.716,83.417,audio_features,31vgHe6o56d4uNrS4Ze6sW,spotify:track:31vgHe6o56d4uNrS4Ze6sW,https://api.spotify.com/v1/tracks/31vgHe6o56d4uNrS4Ze6sW,https://api.spotify.com/v1/audio-analysis/31vgHe6o56d4uNrS4Ze6sW,201211,4,jazz
0.497,0.467,8,-12.269,1,0.0458,0.699,0.000237,0.165,0.682,136.618,audio_features,35dQlHMRGHJZMt0Hd8LFzI,spotify:track:35dQlHMRGHJZMt0Hd8LFzI,https://api.spotify.com/v1/tracks/35dQlHMRGHJZMt0Hd8LFzI,https://api.spotify.com/v1/audio-analysis/35dQlHMRGHJZMt0Hd8LFzI,754795,4,jazz
0.565,0.286,5,-19.045,1,0.0376,0.889,0.925,0.629,0.463,88.158,audio_features,38UVpuaTEbz0WJzkV3YgYp,spotify:track:38UVpuaTEbz0WJzkV3YgYp,https://api.spotify.com/v1/tracks/38UVpuaTEbz0WJzkV3YgYp,https://api.spotify.com/v1/audio-analysis/38UVpuaTEbz0WJzkV3YgYp,420227,3,jazz
0.571,0.0634,7,-17.413,0,0.0389,0.918,0.0693,0.114,0.305,76.572,audio_features,391UJgTLu0TtJVyvDZHM1C,spotify:track:391UJgTLu0TtJVyvDZHM1C,https://api.spotify.com/v1/tracks/391UJgTLu0TtJVyvDZHM1C,https://api.spotify.com/v1/audio-analysis/391UJgTLu0TtJVyvDZHM1C,277800,4,jazz
0.63,0.142,6,-17.555,0,0.0439,0.904,0.402,0.113,0.447,104.145,audio_features,3CfYfDe3u4JGvI5Lh8R4hR,spotify:track:3CfYfDe3u4JGvI5Lh8R4hR,https://api.spotify.com/v1/tracks/3CfYfDe3u4JGvI5Lh8R4hR,https://api.spotify.com/v1/audio-analysis/3CfYfDe3u4JGvI5Lh8R4hR,355573,4,jazz
0.563,0.491,1,-11.745,1,0.0445,0.465,0.603,0.723,0.525,93.577,audio_features,3Dmw69XbDj35ogkxUmqmAl,spotify:track:3Dmw69XbDj35ogkxUmqmAl,https://api.spotify.com/v1/tracks/3Dmw69XbDj35ogkxUmqmAl,https://api.spotify.com/v1/audio-analysis/3Dmw69XbDj35ogkxUmqmAl,735494,4,jazz
0.487,0.329,5,-11.723,0,0.0419,0.518,0.0,0.655,0.367,142.853,audio_features,3FZZhKwXDcqUZN4gulL1je,spotify:track:3FZZhKwXDcqUZN4gulL1je,https://api.spotify.com/v1/tracks/3FZZhKwXDcqUZN4gulL1je,https://api.spotify.com/v1/audio-analysis/3FZZhKwXDcqUZN4gulL1je,508093,4,jazz
0.448,0.509,5,-7.782,1,0.0351,0.904,0.804,0.341,0.734,79.729,audio_features,3GaFJHhS5wTv3FZGj5HSpC,spotify:track:3GaFJHhS5wTv3FZGj5HSpC,https://api.spotify.com/v1/tracks/3GaFJHhS5wTv3FZGj5HSpC,https://api.spotify.com/v1/audio-analysis/3GaFJHhS5wTv3FZGj5HSpC,199075,4,jazz
0.548,0.354,5,-20.719,0,0.0558,0.76,0.589,0.759,0.815,123.805,audio_features,3KX1sJPZYbtNAPPOnwA40p,spotify:track:3KX1sJPZYbtNAPPOnwA40p,https://api.spotify.com/v1/tracks/3KX1sJPZYbtNAPPOnwA40p,https://api.spotify.com/v1/audio-analysis/3KX1sJPZYbtNAPPOnwA40p,261420,4,jazz
0.41,0.197,4,-11.869,0,0.045,0.935,0.769,0.143,0.187,61.703,audio_features,3MXReIsz7iiUycfQBC2KfL,spotify:track:3MXReIsz7iiUycfQBC2KfL,https://api.spotify.com/v1/tracks/3MXReIsz7iiUycfQBC2KfL,https://api.spotify.com/v1/audio-analysis/3MXReIsz7iiUycfQBC2KfL,459487,4,jazz
0.459,0.187,1,-15.31,1,0.0473,0.822,0.382,0.104,0.259,143.059,audio_features,3MYojP082i6SdgmUxZWgMu,spotify:track:3MYojP082i6SdgmUxZWgMu,https://api.spotify.com/v1/tracks/3MYojP082i6SdgmUxZWgMu,https://api.spotify.com/v1/audio-analysis/3MYojP082i6SdgmUxZWgMu,660400,4,jazz
0.356,0.0937,8,-16.64,0,0.0353,0.957,0.096,0.209,0.278,86.669,audio_features,3PJMsxg6rz9FOo6xNiASXz,spotify:track:3PJMsxg6rz9FOo6xNiASXz,https://api.spotify.com/v1/tracks/3PJMsxg6rz9FOo6xNiASXz,https://api.spotify.com/v1/audio-analysis/3PJMsxg6rz9FOo6xNiASXz,342373,3,jazz
0.511,0.156,8,-11.624,1,0.0322,0.949,0.883,0.22,0.418,137.074,audio_features,3SbdsKmDemJuG5nsBnOz77,spotify:track:3SbdsKmDemJuG5nsBnOz77,https://api.spotify.com/v1/tracks/3SbdsKmDemJuG5nsBnOz77,https://api.spotify.com/v1/audio-analysis/3SbdsKmDemJuG5nsBnOz77,184933,4,jazz
0.63,0.15,3,-13.468,1,0.0495,0.988,0.866,0.123,0.497,74.991,audio_features,3VCepCLVuUod4Fws1fW9WU,spotify:track:3VCepCLVuUod4Fws1fW9WU,https://api.spotify.com/v1/tracks/3VCepCLVuUod4Fws1fW9WU,https://api.spotify.com/v1/audio-analysis/3VCepCLVuUod4Fws1fW9WU,174179,4,jazz
0.608,0.61,1,-9.533,1,0.0687,0.284,0.559,0.965,0.431,127.6,audio_features,3VTfd4OHi3Q45PmP0EQSdr,spotify:track:3VTfd4OHi3Q45PmP0EQSdr,https://api.spotify.com/v1/tracks/3VTfd4OHi3Q45PmP0EQSdr,https://api.spotify.com/v1/audio-analysis/3VTfd4OHi3Q45PmP0EQSdr,212467,4,jazz
0.484,0.151,0,-18.622,0,0.0378,0.88,0.178,0.115,0.399,94.587,audio_features,3XfaSRXfGuWT1rrn9lWx30,spotify:track:3XfaSRXfGuWT1rrn9lWx30,https://api.spotify.com/v1/tracks/3XfaSRXfGuWT1rrn9lWx30,https://api.spotify.com/v1/audio-analysis/3XfaSRXfGuWT1rrn9lWx30,287840,4,jazz
0.544,0.053,0,-15.523,1,0.0527,0.921,2.1e-05,0.098,0.219,175.074,audio_features,3ZLu2sI75K3GRZJixWXRa2,spotify:track:3ZLu2sI75K3GRZJixWXRa2,https://api.spotify.com/v1/tracks/3ZLu2sI75K3GRZJixWXRa2,https://api.spotify.com/v1/audio-analysis/3ZLu2sI75K3GRZJixWXRa2,416987,3,jazz
0.55,0.437,8,-8.198,1,0.036,0.867,0.115,0.0865,0.613,98.522,audio_features,3cyibBj8C9YlILM92SdakE,spotify:track:3cyibBj8C9YlILM92SdakE,https://api.spotify.com/v1/tracks/3cyibBj8C9YlILM92SdakE,https://api.spotify.com/v1/audio-analysis/3cyibBj8C9YlILM92SdakE,248864,4,jazz
0.806,0.0813,5,-13.274,0,0.0547,0.985,0.923,0.123,0.654,120.301,audio_features,3fEiKiv5R7etiWd0yISqKK,spotify:track:3fEiKiv5R7etiWd0yISqKK,https://api.spotify.com/v1/tracks/3fEiKiv5R7etiWd0yISqKK,https://api.spotify.com/v1/audio-analysis/3fEiKiv5R7etiWd0yISqKK,200751,4,jazz
0.404,0.0602,11,-26.459,0,0.0422,0.861,0.901,0.703,0.168,106.82,audio_features,3gMMHNUrq3rPeUfgQcAJ2H,spotify:track:3gMMHNUrq3rPeUfgQcAJ2H,https://api.spotify.com/v1/tracks/3gMMHNUrq3rPeUfgQcAJ2H,https://api.spotify.com/v1/audio-analysis/3gMMHNUrq3rPeUfgQcAJ2H,210066,3,jazz
0.565,0.0694,3,-21.971,1,0.0451,0.992,0.907,0.11,0.0777,121.881,audio_features,3gUHyv6uhuRQMdgjENHfZP,spotify:track:3gUHyv6uhuRQMdgjENHfZP,https://api.spotify.com/v1/tracks/3gUHyv6uhuRQMdgjENHfZP,https://api.spotify.com/v1/audio-analysis/3gUHyv6uhuRQMdgjENHfZP,293320,4,jazz
0.683,0.228,5,-14.547,0,0.0432,0.926,0.839,0.0996,0.357,126.541,audio_features,3iluNqNId6R4YhFEM1YRTr,spotify:track:3iluNqNId6R4YhFEM1YRTr,https://api.spotify.com/v1/tracks/3iluNqNId6R4YhFEM1YRTr,https://api.spotify.com/v1/audio-analysis/3iluNqNId6R4YhFEM1YRTr,384760,4,jazz
0.453,0.193,0,-17.582,1,0.0461,0.861,0.466,0.156,0.686,178.795,audio_features,3k5O0RKO6zEqu9JJ7JqxDX,spotify:track:3k5O0RKO6zEqu9JJ7JqxDX,https://api.spotify.com/v1/tracks/3k5O0RKO6zEqu9JJ7JqxDX,https://api.spotify.com/v1/audio-analysis/3k5O0RKO6zEqu9JJ7JqxDX,323867,3,jazz
0.497,0.153,5,-12.65,0,0.0407,0.978,0.809,0.138,0.276,100.222,audio_features,3kYrQXSao9IXp3EzMZQt5J,spotify:track:3kYrQXSao9IXp3EzMZQt5J,https://api.spotify.com/v1/tracks/3kYrQXSao9IXp3EzMZQt5J,https://api.spotify.com/v1/audio-analysis/3kYrQXSao9IXp3EzMZQt5J,405227,4,jazz
0.37,0.603,5,-13.198,0,0.0546,0.519,9.18e-06,0.354,0.53,124.056,audio_features,3nL7Jej2neytSI3XENwHyu,spotify:track:3nL7Jej2neytSI3XENwHyu,https://api.spotify.com/v1/tracks/3nL7Jej2neytSI3XENwHyu,https://api.spotify.com/v1/audio-analysis/3nL7Jej2neytSI3XENwHyu,462853,4,jazz
0.519,0.359,5,-20.652,0,0.0694,0.735,0.852,0.734,0.745,136.138,audio_features,3pq6wUaufVZppIcmvSesFx,spotify:track:3pq6wUaufVZppIcmvSesFx,https://api.spotify.com/v1/tracks/3pq6wUaufVZppIcmvSesFx,https://api.spotify.com/v1/audio-analysis/3pq6wUaufVZppIcmvSesFx,266492,4,jazz
0.64,0.0826,5,-25.991,1,0.062,0.935,0.778,0.691,0.479,76.45,audio_features,3qLpCzWKUBYyXEisLtk8V5,spotify:track:3qLpCzWKUBYyXEisLtk8V5,https://api.spotify.com/v1/tracks/3qLpCzWKUBYyXEisLtk8V5,https://api.spotify.com/v1/audio-analysis/3qLpCzWKUBYyXEisLtk8V5,260879,4,jazz
0.488,0.476,5,-10.316,0,0.0497,0.438,0.000279,0.11,0.583,110.951,audio_features,3rFzc8CLVDZ7OOtFa2jPYP,spotify:track:3rFzc8CLVDZ7OOtFa2jPYP,https://api.spotify.com/v1/tracks/3rFzc8CLVDZ7OOtFa2jPYP,https://api.spotify.com/v1/audio-analysis/3rFzc8CLVDZ7OOtFa2jPYP,482960,4,jazz
0.632,0.32,0,-10.563,1,0.0461,0.564,3.83e-06,0.0903,0.354,122.516,audio_features,3ujbZ2FGIoTQG3v07tmV2D,spotify:track:3ujbZ2FGIoTQG3v07tmV2D,https://api.spotify.com/v1/tracks/3ujbZ2FGIoTQG3v07tmV2D,https://api.spotify.com/v1/audio-analysis/3ujbZ2FGIoTQG3v07tmV2D,474627,4,jazz
0.574,0.236,3,-10.314,1,0.0365,0.945,0.675,0.144,0.345,91.771,audio_features,3xyWojY10M9NSgnW0FZCbI,spotify:track:3xyWojY10M9NSgnW0FZCbI,https://api.spotify.com/v1/tracks/3xyWojY10M9NSgnW0FZCbI,https://api.spotify.com/v1/audio-analysis/3xyWojY10M9NSgnW0FZCbI,465107,4,jazz
0.47,0.14,5,-14.59,1,0.0377,0.97,0.101,0.293,0.254,101.191,audio_features,42uR6JqgZghmx4el2b7vTo,spotify:track:42uR6JqgZghmx4el2b7vTo,https://api.spotify.com/v1/tracks/42uR6JqgZghmx4el2b7vTo,https://api.spotify.com/v1/audio-analysis/42uR6JqgZghmx4el2b7vTo,190800,3,jazz
0.776,0.372,0,-8.604,1,0.0521,0.924,0.711,0.0807,0.857,105.342,audio_features,44YS5E6qhYW9KPaRbUj2Fc,spotify:track:44YS5E6qhYW9KPaRbUj2Fc,https://api.spotify.com/v1/tracks/44YS5E6qhYW9KPaRbUj2Fc,https://api.spotify.com/v1/audio-analysis/44YS5E6qhYW9KPaRbUj2Fc,173314,4,jazz
0.431,0.491,0,-10.746,0,0.0562,0.441,0.000458,0.134,0.577,148.243,audio_features,47vmcuvMWFIsMaiHFIGSIu,spotify:track:47vmcuvMWFIsMaiHFIGSIu,https://api.spotify.com/v1/tracks/47vmcuvMWFIsMaiHFIGSIu,https://api.spotify.com/v1/audio-analysis/47vmcuvMWFIsMaiHFIGSIu,283440,4,jazz
0.51,0.398,8,-12.411,1,0.0718,0.83,0.14,0.149,0.707,181.695,audio_features,48Q8ER4XOaE4r00bjRxT9r,spotify:track:48Q8ER4XOaE4r00bjRxT9r,https://api.spotify.com/v1/tracks/48Q8ER4XOaE4r00bjRxT9r,https://api.spotify.com/v1/audio-analysis/48Q8ER4XOaE4r00bjRxT9r,375173,4,jazz
0.592,0.35,0,-11.249,1,0.0384,0.956,0.828,0.105,0.704,169.226,audio_features,4A8VMiwggF5OrCPkuqAlPx,spotify:track:4A8VMiwggF5OrCPkuqAlPx,https://api.spotify.com/v1/tracks/4A8VMiwggF5OrCPkuqAlPx,https://api.spotify.com/v1/audio-analysis/4A8VMiwggF5OrCPkuqAlPx,173267,4,jazz
0.663,0.167,5,-16.512,1,0.0401,0.931,0.89,0.104,0.333,100.571,audio_features,4BLTV5HjYNOssBnJwAgVex,spotify:track:4BLTV5HjYNOssBnJwAgVex,https://api.spotify.com/v1/tracks/4BLTV5HjYNOssBnJwAgVex,https://api.spotify.com/v1/audio-analysis/4BLTV5HjYNOssBnJwAgVex,485274,4,jazz
0.508,0.15,5,-20.844,1,0.0418,0.99,0.899,0.144,0.252,173.36,audio_features,4CZfPaDW5madfScpZl0nDU,spotify:track:4CZfPaDW5madfScpZl0nDU,https://api.spotify.com/v1/tracks/4CZfPaDW5madfScpZl0nDU,https://api.spotify.com/v1/audio-analysis/4CZfPaDW5madfScpZl0nDU,174000,3,jazz
0.317,0.502,6,-11.843,1,0.0326,0.645,0.398,0.0982,0.449,93.014,audio_features,4HcxMb4w1JhFMbtrZwQgFb,spotify:track:4HcxMb4w1JhFMbtrZwQgFb,https://api.spotify.com/v1/tracks/4HcxMb4w1JhFMbtrZwQgFb,https://api.spotify.com/v1/audio-analysis/4HcxMb4w1JhFMbtrZwQgFb,1097925,3,jazz
0.328,0.0421,6,-22.933,1,0.0426,0.993,0.525,0.0964,0.179,52.793,audio_features,4Mdo6FZj42vID4oDi6P4ZW,spotify:track:4Mdo6FZj42vID4oDi6P4ZW,https://api.spotify.com/v1/tracks/4Mdo6FZj42vID4oDi6P4ZW,https://api.spotify.com/v1/audio-analysis/4Mdo6FZj42vID4oDi6P4ZW,323227,4,jazz
0.478,0.184,5,-21.749,0,0.0829,0.859,0.823,0.704,0.671,89.613,audio_features,4ORUwAt6svWMQoIcgQjyvt,spotify:track:4ORUwAt6svWMQoIcgQjyvt,https://api.spotify.com/v1/tracks/4ORUwAt6svWMQoIcgQjyvt,https://api.spotify.com/v1/audio-analysis/4ORUwAt6svWMQoIcgQjyvt,200133,4,jazz
0.614,0.233,5,-18.964,0,0.0568,0.827,0.198,0.13,0.448,126.256,audio_features,4Tq2fWpX1nLCkMSOPkYb1Y,spotify:track:4Tq2fWpX1nLCkMSOPkYb1Y,https://api.spotify.com/v1/tracks/4Tq2fWpX1nLCkMSOPkYb1Y,https://api.spotify.com/v1/audio-analysis/4Tq2fWpX1nLCkMSOPkYb1Y,576173,4,jazz
0.521,0.45,2,-12.786,0,0.0516,0.747,0.00434,0.347,0.521,122.611,audio_features,4UF9aQ6JjiAtVjmMYtfZLc,spotify:track:4UF9aQ6JjiAtVjmMYtfZLc,https://api.spotify.com/v1/tracks/4UF9aQ6JjiAtVjmMYtfZLc,https://api.spotify.com/v1/audio-analysis/4UF9aQ6JjiAtVjmMYtfZLc,598060,4,jazz
0.594,0.415,5,-9.884,0,0.0406,0.449,3.39e-05,0.379,0.571,94.092,audio_features,4Wdvc5xLi2ptdlDQgrVLI1,spotify:track:4Wdvc5xLi2ptdlDQgrVLI1,https://api.spotify.com/v1/tracks/4Wdvc5xLi2ptdlDQgrVLI1,https://api.spotify.com/v1/audio-analysis/4Wdvc5xLi2ptdlDQgrVLI1,394467,4,jazz
0.488,0.296,10,-12.308,1,0.0401,0.863,0.897,0.221,0.357,79.345,audio_features,4XZSUds3wcqjbP6Lq7jFrm,spotify:track:4XZSUds3wcqjbP6Lq7jFrm,https://api.spotify.com/v1/tracks/4XZSUds3wcqjbP6Lq7jFrm,https://api.spotify.com/v1/audio-analysis/4XZSUds3wcqjbP6Lq7jFrm,188360,4,jazz
0.787,0.513,0,-10.664,1,0.0419,0.957,0.901,0.0968,0.962,132.688,audio_features,4XooWbYVqHvxmjX6yrviIY,spotify:track:4XooWbYVqHvxmjX6yrviIY,https://api.spotify.com/v1/tracks/4XooWbYVqHvxmjX6yrviIY,https://api.spotify.com/v1/audio-analysis/4XooWbYVqHvxmjX6yrviIY,178706,4,jazz
0.313,0.848,9,-4.928,0,0.103,0.0526,0.00239,0.0701,0.623,173.466,audio_features,4aDLtU3z0PZcabLQLp0Bfy,spotify:track:4aDLtU3z0PZcabLQLp0Bfy,https://api.spotify.com/v1/tracks/4aDLtU3z0PZcabLQLp0Bfy,https://api.spotify.com/v1/audio-analysis/4aDLtU3z0PZcabLQLp0Bfy,361280,4,jazz
0.617,0.434,5,-7.257,0,0.031,0.581,0.0,0.131,0.405,108.416,audio_features,4f0D7T8yswXUJ62AKLoMtS,spotify:track:4f0D7T8yswXUJ62AKLoMtS,https://api.spotify.com/v1/tracks/4f0D7T8yswXUJ62AKLoMtS,https://api.spotify.com/v1/audio-analysis/4f0D7T8yswXUJ62AKLoMtS,505453,4,jazz
0.47,0.244,10,-13.608,0,0.0335,0.951,0.0509,0.109,0.264,108.154,audio_features,4fKbuhnNdYd9L0NTKECcJ5,spotify:track:4fKbuhnNdYd9L0NTKECcJ5,https://api.spotify.com/v1/tracks/4fKbuhnNdYd9L0NTKECcJ5,https://api.spotify.com/v1/audio-analysis/4fKbuhnNdYd9L0NTKECcJ5,258227,4,jazz
0.583,0.241,8,-14.218,1,0.0527,0.756,0.00103,0.175,0.32,132.525,audio_features,4hiSSZAMhlO5Ev2REOtUxH,spotify:track:4hiSSZAMhlO5Ev2REOtUxH,https://api.spotify.com/v1/tracks/4hiSSZAMhlO5Ev2REOtUxH,https://api.spotify.com/v1/audio-analysis/4hiSSZAMhlO5Ev2REOtUxH,682044,4,jazz
0.565,0.255,4,-11.44,0,0.0496,0.905,0.291,0.0628,0.512,101.966,audio_features,4iUDMrXCqc3CSC37JwuOha,spotify:track:4iUDMrXCqc3CSC37JwuOha,https://api.spotify.com/v1/tracks/4iUDMrXCqc3CSC37JwuOha,https://api.spotify.com/v1/audio-analysis/4iUDMrXCqc3CSC37JwuOha,313247,4,jazz
0.54,0.4,2,-8.583,1,0.0575,0.81,0.331,0.0982,0.441,139.752,audio_features,4nrQ0ohqu5sXqMg2p4YzkE,spotify:track:4nrQ0ohqu5sXqMg2p4YzkE,https://api.spotify.com/v1/tracks/4nrQ0ohqu5sXqMg2p4YzkE,https://api.spotify.com/v1/audio-analysis/4nrQ0ohqu5sXqMg2p4YzkE,345173,4,jazz
0.805,0.16,10,-12.602,1,0.0562,0.986,0.796,0.109,0.848,97.544,audio_features,4pvq8p9eSkqBWhIdxBZOer,spotify:track:4pvq8p9eSkqBWhIdxBZOer,https://api.spotify.com/v1/tracks/4pvq8p9eSkqBWhIdxBZOer,https://api.spotify.com/v1/audio-analysis/4pvq8p9eSkqBWhIdxBZOer,178263,4,jazz
0.517,0.151,0,-17.266,1,0.0373,0.705,0.00136,0.116,0.21,136.356,audio_features,4vLYewWIvqHfKtJDk8c8tq,spotify:track:4vLYewWIvqHfKtJDk8c8tq,https://api.spotify.com/v1/tracks/4vLYewWIvqHfKtJDk8c8tq,https://api.spotify.com/v1/audio-analysis/4vLYewWIvqHfKtJDk8c8tq,562640,4,jazz
0.613,0.0199,8,-18.648,1,0.0425,0.988,0.792,0.111,0.406,99.654,audio_features,4vsqxCE2SpZxvp8QxaNRw8,spotify:track:4vsqxCE2SpZxvp8QxaNRw8,https://api.spotify.com/v1/tracks/4vsqxCE2SpZxvp8QxaNRw8,https://api.spotify.com/v1/audio-analysis/4vsqxCE2SpZxvp8QxaNRw8,174684,4,jazz
0.641,0.14,8,-16.79,1,0.039,0.867,0.00166,0.105,0.388,129.318,audio_features,4xGFcQEIjtmbPD6Jsxq14M,spotify:track:4xGFcQEIjtmbPD6Jsxq14M,https://api.spotify.com/v1/tracks/4xGFcQEIjtmbPD6Jsxq14M,https://api.spotify.com/v1/audio-analysis/4xGFcQEIjtmbPD6Jsxq14M,317987,4,jazz
0.575,0.0935,3,-15.906,1,0.0858,0.978,0.452,0.109,0.301,65.23,audio_features,4ymHy4hzJ09WxvvT7p0Azy,spotify:track:4ymHy4hzJ09WxvvT7p0Azy,https://api.spotify.com/v1/tracks/4ymHy4hzJ09WxvvT7p0Azy,https://api.spotify.com/v1/audio-analysis/4ymHy4hzJ09WxvvT7p0Azy,258040,4,jazz
0.485,0.144,10,-12.824,1,0.0362,0.912,0.000114,0.0965,0.246,86.143,audio_features,4zxd4tiXPlWMqoJltbVTbE,spotify:track:4zxd4tiXPlWMqoJltbVTbE,https://api.spotify.com/v1/tracks/4zxd4tiXPlWMqoJltbVTbE,https://api.spotify.com/v1/audio-analysis/4zxd4tiXPlWMqoJltbVTbE,284560,4,jazz
0.534,0.128,8,-16.076,1,0.0412,0.852,0.163,0.171,0.347,89.782,audio_features,55GovtDfcoF4YyitVEcbg5,spotify:track:55GovtDfcoF4YyitVEcbg5,https://api.spotify.com/v1/tracks/55GovtDfcoF4YyitVEcbg5,https://api.spotify.com/v1/audio-analysis/55GovtDfcoF4YyitVEcbg5,309640,4,jazz
0.531,0.111,8,-17.821,1,0.0927,0.712,0.468,0.109,0.376,100.042,audio_features,57jz3QGWZpbTvSVi8JxfrR,spotify:track:57jz3QGWZpbTvSVi8JxfrR,https://api.spotify.com/v1/tracks/57jz3QGWZpbTvSVi8JxfrR,https://api.spotify.com/v1/audio-analysis/57jz3QGWZpbTvSVi8JxfrR,406426,4,jazz
0.464,0.0266,0,-20.338,1,0.0532,0.987,0.879,0.0836,0.0659,132.973,audio_features,58yFroDNbzHpYzvicaC0de,spotify:track:58yFroDNbzHpYzvicaC0de,https://api.spotify.com/v1/tracks/58yFroDNbzHpYzvicaC0de,https://api.spotify.com/v1/audio-analysis/58yFroDNbzHpYzvicaC0de,404160,3,jazz
0.524,0.222,3,-8.967,1,0.0346,0.907,0.00124,0.0544,0.325,120.71,audio_features,58ylMBq2yqYdHyevarkNWa,spotify:track:58ylMBq2yqYdHyevarkNWa,https://api.spotify.com/v1/tracks/58ylMBq2yqYdHyevarkNWa,https://api.spotify.com/v1/audio-analysis/58ylMBq2yqYdHyevarkNWa,322000,4,jazz
0.309,0.135,9,-23.212,1,0.0352,0.927,0.541,0.547,0.136,168.489,audio_features,5ARta7jvD6MRUiSk54jY5r,spotify:track:5ARta7jvD6MRUiSk54jY5r,https://api.spotify.com/v1/tracks/5ARta7jvD6MRUiSk54jY5r,https://api.spotify.com/v1/audio-analysis/5ARta7jvD6MRUiSk54jY5r,298000,3,jazz
0.377,0.251,5,-7.503,1,0.036,0.904,0.131,0.0586,0.383,185.445,audio_features,5DDx7lVobjWfLyvRDtW7BX,spotify:track:5DDx7lVobjWfLyvRDtW7BX,https://api.spotify.com/v1/tracks/5DDx7lVobjWfLyvRDtW7BX,https://api.spotify.com/v1/audio-analysis/5DDx7lVobjWfLyvRDtW7BX,247200,3,jazz
0.492,0.3,5,-19.526,0,0.0737,0.754,0.752,0.71,0.796,116.873,audio_features,5G3RiuZSpAmiUVIkKnm9ts,spotify:track:5G3RiuZSpAmiUVIkKnm9ts,https://api.spotify.com/v1/tracks/5G3RiuZSpAmiUVIkKnm9ts,https://api.spotify.com/v1/audio-analysis/5G3RiuZSpAmiUVIkKnm9ts,261746,4,jazz
0.571,0.364,8,-13.014,1,0.0761,0.716,0.00436,0.0976,0.545,105.823,audio_features,5HZo9LYOl3mpvqLgBpsnRL,spotify:track:5HZo9LYOl3mpvqLgBpsnRL,https://api.spotify.com/v1/tracks/5HZo9LYOl3mpvqLgBpsnRL,https://api.spotify.com/v1/audio-analysis/5HZo9LYOl3mpvqLgBpsnRL,731964,4,jazz
0.528,0.583,7,-8.776,0,0.0644,0.592,0.0,0.305,0.671,96.284,audio_features,5KQ6uddno2Hht84gJDHsPF,spotify:track:5KQ6uddno2Hht84gJDHsPF,https://api.spotify.com/v1/tracks/5KQ6uddno2Hht84gJDHsPF,https://api.spotify.com/v1/audio-analysis/5KQ6uddno2Hht84gJDHsPF,495373,4,jazz
0.578,0.0958,10,-12.554,0,0.0758,0.982,0.00608,0.0884,0.229,62.45,audio_features,5KfI3J7JzC3dspoNbRRK7q,spotify:track:5KfI3J7JzC3dspoNbRRK7q,https://api.spotify.com/v1/tracks/5KfI3J7JzC3dspoNbRRK7q,https://api.spotify.com/v1/audio-analysis/5KfI3J7JzC3dspoNbRRK7q,213707,4,jazz
0.625,0.319,0,-12.803,1,0.113,0.637,0.0755,0.0581,0.692,109.792,audio_features,5Kwd8HB9VQ12yFSu0dM4Yi,spotify:track:5Kwd8HB9VQ12yFSu0dM4Yi,https://api.spotify.com/v1/tracks/5Kwd8HB9VQ12yFSu0dM4Yi,https://api.spotify.com/v1/audio-analysis/5Kwd8HB9VQ12yFSu0dM4Yi,235733,4,jazz
0.62,0.67,2,-11.575,0,0.0591,0.853,0.896,0.156,0.295,113.492,audio_features,5L8ta4ECl5zeA6bGqY7G38,spotify:track:5L8ta4ECl5zeA6bGqY7G38,https://api.spotify.com/v1/tracks/5L8ta4ECl5zeA6bGqY7G38,https://api.spotify.com/v1/audio-analysis/5L8ta4ECl5zeA6bGqY7G38,520293,4,jazz
0.616,0.137,8,-18.195,1,0.0598,0.478,0.115,0.193,0.376,62.948,audio_features,5LOuVg4hmwFjxTg47fOVPS,spotify:track:5LOuVg4hmwFjxTg47fOVPS,https://api.spotify.com/v1/tracks/5LOuVg4hmwFjxTg47fOVPS,https://api.spotify.com/v1/audio-analysis/5LOuVg4hmwFjxTg47fOVPS,493213,4,jazz
0.368,0.14,0,-15.005,0,0.045,0.901,0.874,0.0688,0.172,61.758,audio_features,5LaTsDrhrpXwLniidLpnF7,spotify:track:5LaTsDrhrpXwLniidLpnF7,https://api.spotify.com/v1/tracks/5LaTsDrhrpXwLniidLpnF7,https://api.spotify.com/v1/audio-analysis/5LaTsDrhrpXwLniidLpnF7,428973,4,jazz
0.654,0.0494,10,-17.504,1,0.0753,0.973,0.519,0.0842,0.325,126.24,audio_features,5LlKdhNsw0fqkiHxU2lNkj,spotify:track:5LlKdhNsw0fqkiHxU2lNkj,https://api.spotify.com/v1/tracks/5LlKdhNsw0fqkiHxU2lNkj,https://api.spotify.com/v1/audio-analysis/5LlKdhNsw0fqkiHxU2lNkj,218000,4,jazz
0.481,0.168,5,-15.726,0,0.053,0.947,0.399,0.127,0.623,174.393,audio_features,5MQ57N6HPMihPEh4V8V8Va,spotify:track:5MQ57N6HPMihPEh4V8V8Va,https://api.spotify.com/v1/tracks/5MQ57N6HPMihPEh4V8V8Va,https://api.spotify.com/v1/audio-analysis/5MQ57N6HPMihPEh4V8V8Va,290260,4,jazz
0.664,0.0455,10,-13.624,1,0.0532,0.993,0.162,0.382,0.584,95.584,audio_features,5MYwaYedoPw8RXaOOGoba7,spotify:track:5MYwaYedoPw8RXaOOGoba7,https://api.spotify.com/v1/tracks/5MYwaYedoPw8RXaOOGoba7,https://api.spotify.com/v1/audio-analysis/5MYwaYedoPw8RXaOOGoba7,171424,4,jazz
0.478,0.584,5,-9.288,1,0.0443,0.897,0.379,0.276,0.534,144.212,audio_features,5O1vuqxyycsT79lYTIzb5a,spotify:track:5O1vuqxyycsT79lYTIzb5a,https://api.spotify.com/v1/tracks/5O1vuqxyycsT79lYTIzb5a,https://api.spotify.com/v1/audio-analysis/5O1vuqxyycsT79lYTIzb5a,158987,4,jazz
0.629,0.0328,10,-21.409,1,0.0421,0.993,0.869,0.0993,0.446,90.423,audio_features,5On4SQUWjbI4zqkqEU0EDJ,spotify:track:5On4SQUWjbI4zqkqEU0EDJ,https://api.spotify.com/v1/tracks/5On4SQUWjbI4zqkqEU0EDJ,https://api.spotify.com/v1/audio-analysis/5On4SQUWjbI4zqkqEU0EDJ,170105,4,jazz
0.404,0.446,11,-16.982,0,0.0352,0.857,0.885,0.0845,0.474,136.242,audio_features,5RrJCusmR1J54b5ivqdWIu,spotify:track:5RrJCusmR1J54b5ivqdWIu,https://api.spotify.com/v1/tracks/5RrJCusmR1J54b5ivqdWIu,https://api.spotify.com/v1/audio-analysis/5RrJCusmR1J54b5ivqdWIu,590867,4,jazz
0.462,0.693,5,-8.128,0,0.0453,0.788,0.141,0.16,0.811,98.124,audio_features,5XWNiScVEMfuAr4r0xVzJ2,spotify:track:5XWNiScVEMfuAr4r0xVzJ2,https://api.spotify.com/v1/tracks/5XWNiScVEMfuAr4r0xVzJ2,https://api.spotify.com/v1/audio-analysis/5XWNiScVEMfuAr4r0xVzJ2,164541,4,jazz
0.504,0.47,1,-8.954,1,0.0397,0.893,0.0947,0.251,0.525,95.588,audio_features,5cPgakLy9vEykPES9W2UhJ,spotify:track:5cPgakLy9vEykPES9W2UhJ,https://api.spotify.com/v1/tracks/5cPgakLy9vEykPES9W2UhJ,https://api.spotify.com/v1/audio-analysis/5cPgakLy9vEykPES9W2UhJ,338567,4,jazz
0.608,0.388,5,-9.361,0,0.0758,0.894,0.412,0.613,0.403,119.846,audio_features,5cflm83z0DNaxqNLPGctmw,spotify:track:5cflm83z0DNaxqNLPGctmw,https://api.spotify.com/v1/tracks/5cflm83z0DNaxqNLPGctmw,https://api.spotify.com/v1/audio-analysis/5cflm83z0DNaxqNLPGctmw,418383,4,jazz
0.508,0.149,0,-18.305,1,0.0313,0.771,0.00474,0.115,0.365,139.444,audio_features,5o3DSHw1ORhM3lWxqGRvEf,spotify:track:5o3DSHw1ORhM3lWxqGRvEf,https://api.spotify.com/v1/tracks/5o3DSHw1ORhM3lWxqGRvEf,https://api.spotify.com/v1/audio-analysis/5o3DSHw1ORhM3lWxqGRvEf,692747,3,jazz
0.45,0.596,0,-8.927,1,0.0559,0.134,5.53e-05,0.312,0.493,78.95,audio_features,5p6jVhFshWwh499zH7lyei,spotify:track:5p6jVhFshWwh499zH7lyei,https://api.spotify.com/v1/tracks/5p6jVhFshWwh499zH7lyei,https://api.spotify.com/v1/audio-analysis/5p6jVhFshWwh499zH7lyei,170267,4,jazz
0.394,0.23,3,-10.475,1,0.0348,0.931,0.497,0.0662,0.358,78.319,audio_features,5p95DUZplmVxY0XCQ3hxUV,spotify:track:5p95DUZplmVxY0XCQ3hxUV,https://api.spotify.com/v1/tracks/5p95DUZplmVxY0XCQ3hxUV,https://api.spotify.com/v1/audio-analysis/5p95DUZplmVxY0XCQ3hxUV,477760,4,jazz
0.495,0.182,10,-11.116,0,0.0467,0.79,0.000368,0.129,0.203,112.89,audio_features,5vb7At47uO0yPGfmYnAHuw,spotify:track:5vb7At47uO0yPGfmYnAHuw,https://api.spotify.com/v1/tracks/5vb7At47uO0yPGfmYnAHuw,https://api.spotify.com/v1/audio-analysis/5vb7At47uO0yPGfmYnAHuw,355333,4,jazz
0.453,0.0577,5,-26.257,1,0.0509,0.977,0.942,0.0907,0.2,95.181,audio_features,663AsNVDAv5qjD1pTpbaDV,spotify:track:663AsNVDAv5qjD1pTpbaDV,https://api.spotify.com/v1/tracks/663AsNVDAv5qjD1pTpbaDV,https://api.spotify.com/v1/audio-analysis/663AsNVDAv5qjD1pTpbaDV,308454,4,jazz
0.717,0.322,5,-12.068,0,0.0407,0.969,0.909,0.126,0.788,93.131,audio_features,68ZMAP2257qL5dR3PLU0Fy,spotify:track:68ZMAP2257qL5dR3PLU0Fy,https://api.spotify.com/v1/tracks/68ZMAP2257qL5dR3PLU0Fy,https://api.spotify.com/v1/audio-analysis/68ZMAP2257qL5dR3PLU0Fy,171811,4,jazz
0.475,0.689,9,-9.351,0,0.054,0.532,0.00427,0.969,0.823,117.407,audio_features,6A1mh31895sUIYEpOfeqC3,spotify:track:6A1mh31895sUIYEpOfeqC3,https://api.spotify.com/v1/tracks/6A1mh31895sUIYEpOfeqC3,https://api.spotify.com/v1/audio-analysis/6A1mh31895sUIYEpOfeqC3,282200,4,jazz
0.574,0.0775,8,-17.753,1,0.0482,0.967,0.54,0.109,0.523,126.923,audio_features,6AAxndfN25URaM9zQJfWbU,spotify:track:6AAxndfN25URaM9zQJfWbU,https://api.spotify.com/v1/tracks/6AAxndfN25URaM9zQJfWbU,https://api.spotify.com/v1/audio-analysis/6AAxndfN25URaM9zQJfWbU,169533,4,jazz
0.685,0.327,0,-12.608,1,0.0712,0.549,0.000115,0.281,0.423,120.202,audio_features,6BzVa9uIB0V0ISjH2EVT0Q,spotify:track:6BzVa9uIB0V0ISjH2EVT0Q,https://api.spotify.com/v1/tracks/6BzVa9uIB0V0ISjH2EVT0Q,https://api.spotify.com/v1/audio-analysis/6BzVa9uIB0V0ISjH2EVT0Q,340960,4,jazz
0.533,0.419,0,-11.708,0,0.035,0.6,0.00806,0.109,0.487,133.292,audio_features,6CW3Rir0LHM0wSaBAgtK1U,spotify:track:6CW3Rir0LHM0wSaBAgtK1U,https://api.spotify.com/v1/tracks/6CW3Rir0LHM0wSaBAgtK1U,https://api.spotify.com/v1/audio-analysis/6CW3Rir0LHM0wSaBAgtK1U,677427,4,jazz
0.764,0.478,1,-13.003,1,0.0341,0.706,0.00548,0.12,0.943,122.854,audio_features,6HRUw67PN9Q8q4y2FDQOU6,spotify:track:6HRUw67PN9Q8q4y2FDQOU6,https://api.spotify.com/v1/tracks/6HRUw67PN9Q8q4y2FDQOU6,https://api.spotify.com/v1/audio-analysis/6HRUw67PN9Q8q4y2FDQOU6,134973,4,jazz
0.54,0.425,10,-10.437,1,0.0725,0.681,0.00906,0.139,0.542,99.999,audio_features,6JDdPg8SmHzQe3a5FJ6Cjw,spotify:track:6JDdPg8SmHzQe3a5FJ6Cjw,https://api.spotify.com/v1/tracks/6JDdPg8SmHzQe3a5FJ6Cjw,https://api.spotify.com/v1/audio-analysis/6JDdPg8SmHzQe3a5FJ6Cjw,488867,4,jazz
0.616,0.67,5,-8.714,0,0.244,0.829,0.85,0.106,0.552,87.096,audio_features,6KpMB0Wgw1NVFqwn0DCprf,spotify:track:6KpMB0Wgw1NVFqwn0DCprf,https://api.spotify.com/v1/tracks/6KpMB0Wgw1NVFqwn0DCprf,https://api.spotify.com/v1/audio-analysis/6KpMB0Wgw1NVFqwn0DCprf,186693,4,jazz
0.473,0.2,10,-21.535,0,0.0433,0.811,0.786,0.561,0.471,77.485,audio_features,6OLv1Zi6dx41kmXIHH3dVv,spotify:track:6OLv1Zi6dx41kmXIHH3dVv,https://api.spotify.com/v1/tracks/6OLv1Zi6dx41kmXIHH3dVv,https://api.spotify.com/v1/audio-analysis/6OLv1Zi6dx41kmXIHH3dVv,271242,4,jazz
0.685,0.129,0,-12.92,1,0.0868,0.986,0.833,0.0988,0.562,77.845,audio_features,6RqwsRgsdozFLlGUnTCeik,spotify:track:6RqwsRgsdozFLlGUnTCeik,https://api.spotify.com/v1/tracks/6RqwsRgsdozFLlGUnTCeik,https://api.spotify.com/v1/audio-analysis/6RqwsRgsdozFLlGUnTCeik,198919,4,jazz
0.549,0.0781,8,-17.535,1,0.0471,0.963,0.574,0.113,0.492,128.137,audio_features,6T69c5obsCuQbSkIP7fYis,spotify:track:6T69c5obsCuQbSkIP7fYis,https://api.spotify.com/v1/tracks/6T69c5obsCuQbSkIP7fYis,https://api.spotify.com/v1/audio-analysis/6T69c5obsCuQbSkIP7fYis,167933,4,jazz
0.604,0.174,7,-21.444,1,0.0687,0.761,0.809,0.687,0.607,95.938,audio_features,6TNELWIgv1UWayzL843I3L,spotify:track:6TNELWIgv1UWayzL843I3L,https://api.spotify.com/v1/tracks/6TNELWIgv1UWayzL843I3L,https://api.spotify.com/v1/audio-analysis/6TNELWIgv1UWayzL843I3L,317253,4,jazz
0.709,0.129,7,-23.051,0,0.0535,0.766,0.0191,0.136,0.597,126.05,audio_features,6TYPea1C4MzOerFZN1dGvY,spotify:track:6TYPea1C4MzOerFZN1dGvY,https://api.spotify.com/v1/tracks/6TYPea1C4MzOerFZN1dGvY,https://api.spotify.com/v1/audio-analysis/6TYPea1C4MzOerFZN1dGvY,528227,4,jazz
0.465,0.35,3,-12.977,1,0.0403,0.41,0.279,0.135,0.62,93.336,audio_features,6YYu8qFzcY1ZyzzsJIQM12,spotify:track:6YYu8qFzcY1ZyzzsJIQM12,https://api.spotify.com/v1/tracks/6YYu8qFzcY1ZyzzsJIQM12,https://api.spotify.com/v1/audio-analysis/6YYu8qFzcY1ZyzzsJIQM12,688133,4,jazz
0.506,0.493,8,-7.759,1,0.0427,0.798,0.00355,0.307,0.584,134.77,audio_features,6ZgaUtMlUzUf7SqbUUnfbu,spotify:track:6ZgaUtMlUzUf7SqbUUnfbu,https://api.spotify.com/v1/tracks/6ZgaUtMlUzUf7SqbUUnfbu,https://api.spotify.com/v1/audio-analysis/6ZgaUtMlUzUf7SqbUUnfbu,644013,4,jazz
0.842,0.178,10,-20.126,1,0.0495,0.978,0.821,0.119,0.842,107.911,audio_features,6aLd9xsQuHaIev6154HdNZ,spotify:track:6aLd9xsQuHaIev6154HdNZ,https://api.spotify.com/v1/tracks/6aLd9xsQuHaIev6154HdNZ,https://api.spotify.com/v1/audio-analysis/6aLd9xsQuHaIev6154HdNZ,183775,4,jazz
0.391,0.479,1,-7.579,1,0.0423,0.844,0.584,0.121,0.397,141.035,audio_features,6bd6IEE8YsDiJyZR9MhWbF,spotify:track:6bd6IEE8YsDiJyZR9MhWbF,https://api.spotify.com/v1/tracks/6bd6IEE8YsDiJyZR9MhWbF,https://api.spotify.com/v1/audio-analysis/6bd6IEE8YsDiJyZR9MhWbF,213384,4,jazz
0.617,0.497,5,-14.132,1,0.0471,0.53,0.00662,0.0767,0.809,105.943,audio_features,6cjjUuY51c5SwTABCVPSYH,spotify:track:6cjjUuY51c5SwTABCVPSYH,https://api.spotify.com/v1/tracks/6cjjUuY51c5SwTABCVPSYH,https://api.spotify.com/v1/audio-analysis/6cjjUuY51c5SwTABCVPSYH,143507,4,jazz
0.349,0.0219,2,-21.065,0,0.0425,0.899,0.12,0.0906,0.224,177.92,audio_features,6dRx7OUXfvosnXG3g9lWGi,spotify:track:6dRx7OUXfvosnXG3g9lWGi,https://api.spotify.com/v1/tracks/6dRx7OUXfvosnXG3g9lWGi,https://api.spotify.com/v1/audio-analysis/6dRx7OUXfvosnXG3g9lWGi,566133,3,jazz
0.652,0.171,7,-16.1,1,0.0569,0.99,0.864,0.158,0.562,118.883,audio_features,6ffJxrVKkPVW4hiRoiteB2,spotify:track:6ffJxrVKkPVW4hiRoiteB2,https://api.spotify.com/v1/tracks/6ffJxrVKkPVW4hiRoiteB2,https://api.spotify.com/v1/audio-analysis/6ffJxrVKkPVW4hiRoiteB2,213387,4,jazz
0.419,0.688,5,-7.234,0,0.0405,0.582,1.75e-05,0.0284,0.408,100.461,audio_features,6fw1b1bCVNY5EVurncxIss,spotify:track:6fw1b1bCVNY5EVurncxIss,https://api.spotify.com/v1/tracks/6fw1b1bCVNY5EVurncxIss,https://api.spotify.com/v1/audio-analysis/6fw1b1bCVNY5EVurncxIss,491493,4,jazz
0.415,0.0187,10,-20.209,1,0.0363,0.905,0.194,0.0979,0.14,111.42,audio_features,6mdPYIJvkTjFt6k5KeKRVB,spotify:track:6mdPYIJvkTjFt6k5KeKRVB,https://api.spotify.com/v1/tracks/6mdPYIJvkTjFt6k5KeKRVB,https://api.spotify.com/v1/audio-analysis/6mdPYIJvkTjFt6k5KeKRVB,156307,4,jazz
0.646,0.176,10,-12.403,1,0.0464,0.922,0.082,0.101,0.451,126.162,audio_features,6o3zh7PFwrFlADvIGtqd9M,spotify:track:6o3zh7PFwrFlADvIGtqd9M,https://api.spotify.com/v1/tracks/6o3zh7PFwrFlADvIGtqd9M,https://api.spotify.com/v1/audio-analysis/6o3zh7PFwrFlADvIGtqd9M,530717,4,jazz
0.386,0.0673,0,-16.506,1,0.046,0.994,0.859,0.243,0.555,72.244,audio_features,6vvG5XgCM0SwBsaGbCj3QQ,spotify:track:6vvG5XgCM0SwBsaGbCj3QQ,https://api.spotify.com/v1/tracks/6vvG5XgCM0SwBsaGbCj3QQ,https://api.spotify.com/v1/audio-analysis/6vvG5XgCM0SwBsaGbCj3QQ,169244,3,jazz
0.569,0.293,6,-13.97,1,0.0384,0.57,0.0365,0.0471,0.402,105.105,audio_features,6wvTnaBqOjds6QSRw6arsl,spotify:track:6wvTnaBqOjds6QSRw6arsl,https://api.spotify.com/v1/tracks/6wvTnaBqOjds6QSRw6arsl,https://api.spotify.com/v1/audio-analysis/6wvTnaBqOjds6QSRw6arsl,467760,4,jazz
0.447,0.121,3,-21.562,1,0.0378,0.803,0.777,0.0695,0.0989,121.761,audio_features,6yuhA5jlK7gEAIVoJ5WK1f,spotify:track:6yuhA5jlK7gEAIVoJ5WK1f,https://api.spotify.com/v1/tracks/6yuhA5jlK7gEAIVoJ5WK1f,https://api.spotify.com/v1/audio-analysis/6yuhA5jlK7gEAIVoJ5WK1f,345267,4,jazz
0.448,0.475,8,-8.949,1,0.0762,0.958,0.888,0.699,0.82,102.451,audio_features,73gwf3e5dk9v6y8kMBXSIY,spotify:track:73gwf3e5dk9v6y8kMBXSIY,https://api.spotify.com/v1/tracks/73gwf3e5dk9v6y8kMBXSIY,https://api.spotify.com/v1/audio-analysis/73gwf3e5dk9v6y8kMBXSIY,143896,4,jazz
0.435,0.499,9,-8.576,0,0.0317,0.768,0.107,0.131,0.683,121.924,audio_features,74HwaWwtVa2buG8OIHZkgs,spotify:track:74HwaWwtVa2buG8OIHZkgs,https://api.spotify.com/v1/tracks/74HwaWwtVa2buG8OIHZkgs,https://api.spotify.com/v1/audio-analysis/74HwaWwtVa2buG8OIHZkgs,352293,4,jazz
0.377,0.491,5,-9.348,0,0.0343,0.63,0.00388,0.294,0.368,147.689,audio_features,75jobUBuqWb6hanrIg0hEk,spotify:track:75jobUBuqWb6hanrIg0hEk,https://api.spotify.com/v1/tracks/75jobUBuqWb6hanrIg0hEk,https://api.spotify.com/v1/audio-analysis/75jobUBuqWb6hanrIg0hEk,463307,3,jazz
0.551,0.114,3,-24.78,0,0.0451,0.977,0.874,0.141,0.124,70.141,audio_features,78ntGe4xyecZHg9exQWwK6,spotify:track:78ntGe4xyecZHg9exQWwK6,https://api.spotify.com/v1/tracks/78ntGe4xyecZHg9exQWwK6,https://api.spotify.com/v1/audio-analysis/78ntGe4xyecZHg9exQWwK6,146093,4,jazz
0.593,0.103,10,-14.961,1,0.081,0.986,0.6,0.12,0.443,66.283,audio_features,7AHF3V7qRPhZV7gzJLZ3CL,spotify:track:7AHF3V7qRPhZV7gzJLZ3CL,https://api.spotify.com/v1/tracks/7AHF3V7qRPhZV7gzJLZ3CL,https://api.spotify.com/v1/audio-analysis/7AHF3V7qRPhZV7gzJLZ3CL,190933,4,jazz
0.588,0.4,7,-11.914,0,0.036,0.851,0.352,0.11,0.468,113.615,audio_features,7CrNF9zL7tIQ2269DVxzST,spotify:track:7CrNF9zL7tIQ2269DVxzST,https://api.spotify.com/v1/tracks/7CrNF9zL7tIQ2269DVxzST,https://api.spotify.com/v1/audio-analysis/7CrNF9zL7tIQ2269DVxzST,403640,4,jazz
0.493,0.0421,2,-18.071,1,0.0347,0.913,0.173,0.0777,0.172,102.074,audio_features,7DUGRxCf9NFJffb5Eei8Ar,spotify:track:7DUGRxCf9NFJffb5Eei8Ar,https://api.spotify.com/v1/tracks/7DUGRxCf9NFJffb5Eei8Ar,https://api.spotify.com/v1/audio-analysis/7DUGRxCf9NFJffb5Eei8Ar,447560,4,jazz
0.548,0.0406,5,-23.852,0,0.0524,0.982,0.775,0.0876,0.153,132.488,audio_features,7FecMAQFESffyNsIAUIbc2,spotify:track:7FecMAQFESffyNsIAUIbc2,https://api.spotify.com/v1/tracks/7FecMAQFESffyNsIAUIbc2,https://api.spotify.com/v1/audio-analysis/7FecMAQFESffyNsIAUIbc2,344934,4,jazz
0.632,0.113,10,-10.091,1,0.0435,0.968,0.00353,0.11,0.473,62.8,audio_features,7HVyQVKFkFOoNLkZZZZjgb,spotify:track:7HVyQVKFkFOoNLkZZZZjgb,https://api.spotify.com/v1/tracks/7HVyQVKFkFOoNLkZZZZjgb,https://api.spotify.com/v1/audio-analysis/7HVyQVKFkFOoNLkZZZZjgb,203667,4,jazz
0.513,0.292,1,-16.83,1,0.065,0.935,0.886,0.0669,0.229,105.141,audio_features,7IAFc5iQti2tzob7Uo7N1Y,spotify:track:7IAFc5iQti2tzob7Uo7N1Y,https://api.spotify.com/v1/tracks/7IAFc5iQti2tzob7Uo7N1Y,https://api.spotify.com/v1/audio-analysis/7IAFc5iQti2tzob7Uo7N1Y,268400,1,jazz
0.435,0.317,0,-11.718,0,0.0516,0.993,0.908,0.593,0.802,179.255,audio_features,7MlLHDtuNzs4tV2q4GuRfP,spotify:track:7MlLHDtuNzs4tV2q4GuRfP,https://api.spotify.com/v1/tracks/7MlLHDtuNzs4tV2q4GuRfP,https://api.spotify.com/v1/audio-analysis/7MlLHDtuNzs4tV2q4GuRfP,198156,4,jazz
0.696,0.118,0,-12.588,0,0.0674,0.909,0.727,0.142,0.28,65.943,audio_features,7a1BrZjQgDV9wlNuj3U1nM,spotify:track:7a1BrZjQgDV9wlNuj3U1nM,https://api.spotify.com/v1/tracks/7a1BrZjQgDV9wlNuj3U1nM,https://api.spotify.com/v1/audio-analysis/7a1BrZjQgDV9wlNuj3U1nM,266227,4,jazz
0.691,0.187,8,-13.79,1,0.0507,0.986,0.935,0.162,0.692,95.035,audio_features,7dzNuRBCw16p1lHKF0vYpx,spotify:track:7dzNuRBCw16p1lHKF0vYpx,https://api.spotify.com/v1/tracks/7dzNuRBCw16p1lHKF0vYpx,https://api.spotify.com/v1/audio-analysis/7dzNuRBCw16p1lHKF0vYpx,163907,4,jazz
0.417,0.397,5,-11.683,1,0.0558,0.982,0.804,0.185,0.737,201.162,audio_features,7flQESHoCoDzirWF4IkKGq,spotify:track:7flQESHoCoDzirWF4IkKGq,https://api.spotify.com/v1/tracks/7flQESHoCoDzirWF4IkKGq,https://api.spotify.com/v1/audio-analysis/7flQESHoCoDzirWF4IkKGq,161427,4,jazz
0.587,0.154,7,-17.052,1,0.0444,0.926,0.73,0.193,0.453,75.812,audio_features,7hpSQFPsWeSk5qT0zcjtd5,spotify:track:7hpSQFPsWeSk5qT0zcjtd5,https://api.spotify.com/v1/tracks/7hpSQFPsWeSk5qT0zcjtd5,https://api.spotify.com/v1/audio-analysis/7hpSQFPsWeSk5qT0zcjtd5,271451,4,jazz
0.658,0.521,0,-12.606,0,0.0312,0.811,0.0786,0.0746,0.819,129.056,audio_features,7iPjzOaZiNXp0I8vOCcVZV,spotify:track:7iPjzOaZiNXp0I8vOCcVZV,https://api.spotify.com/v1/tracks/7iPjzOaZiNXp0I8vOCcVZV,https://api.spotify.com/v1/audio-analysis/7iPjzOaZiNXp0I8vOCcVZV,543133,4,jazz
0.504,0.224,7,-15.824,0,0.0393,0.815,0.0872,0.0922,0.302,75.499,audio_features,7iRXxr5SlW13UYlVg2V6Zt,spotify:track:7iRXxr5SlW13UYlVg2V6Zt,https://api.spotify.com/v1/tracks/7iRXxr5SlW13UYlVg2V6Zt,https://api.spotify.com/v1/audio-analysis/7iRXxr5SlW13UYlVg2V6Zt,721600,4,jazz
0.571,0.578,5,-10.54,1,0.0417,0.758,0.0258,0.0405,0.804,108.064,audio_features,7kqGkQJwdzAzAQHOZPATBw,spotify:track:7kqGkQJwdzAzAQHOZPATBw,https://api.spotify.com/v1/tracks/7kqGkQJwdzAzAQHOZPATBw,https://api.spotify.com/v1/audio-analysis/7kqGkQJwdzAzAQHOZPATBw,166000,4,jazz
0.507,0.0355,0,-22.356,0,0.0382,0.978,0.099,0.133,0.244,109.996,audio_features,7m4OEcDjdVPVKRhXmnQko5,spotify:track:7m4OEcDjdVPVKRhXmnQko5,https://api.spotify.com/v1/tracks/7m4OEcDjdVPVKRhXmnQko5,https://api.spotify.com/v1/audio-analysis/7m4OEcDjdVPVKRhXmnQko5,236840,3,jazz
0.514,0.515,10,-10.256,1,0.042,0.423,5.46e-05,0.0809,0.769,103.042,audio_features,7o8bQExfJjP34n5uAwtlSr,spotify:track:7o8bQExfJjP34n5uAwtlSr,https://api.spotify.com/v1/tracks/7o8bQExfJjP34n5uAwtlSr,https://api.spotify.com/v1/audio-analysis/7o8bQExfJjP34n5uAwtlSr,181333,4,jazz
0.832,0.129,8,-17.245,1,0.0768,0.992,0.582,0.194,0.894,98.883,audio_features,7oM1ibaJmXctkPorA5hc3u,spotify:track:7oM1ibaJmXctkPorA5hc3u,https://api.spotify.com/v1/tracks/7oM1ibaJmXctkPorA5hc3u,https://api.spotify.com/v1/audio-analysis/7oM1ibaJmXctkPorA5hc3u,175909,4,jazz
0.431,0.113,8,-24.017,1,0.049,0.976,0.903,0.107,0.127,98.983,audio_features,7p6ZeiNtEHJKmc4YWBZELG,spotify:track:7p6ZeiNtEHJKmc4YWBZELG,https://api.spotify.com/v1/tracks/7p6ZeiNtEHJKmc4YWBZELG,https://api.spotify.com/v1/audio-analysis/7p6ZeiNtEHJKmc4YWBZELG,223973,4,jazz
0.622,0.032,4,-18.135,0,0.0529,0.994,0.332,0.108,0.264,91.398,audio_features,7xBpyAsYTgSxqOpMnMHNEt,spotify:track:7xBpyAsYTgSxqOpMnMHNEt,https://api.spotify.com/v1/tracks/7xBpyAsYTgSxqOpMnMHNEt,https://api.spotify.com/v1/audio-analysis/7xBpyAsYTgSxqOpMnMHNEt,163800,4,jazz
0.441,0.651,9,-7.487,0,0.0709,0.0901,0.66,0.421,0.695,157.102,audio_features,7xutttRQ00ZVlwkmiAd47q,spotify:track:7xutttRQ00ZVlwkmiAd47q,https://api.spotify.com/v1/tracks/7xutttRQ00ZVlwkmiAd47q,https://api.spotify.com/v1/audio-analysis/7xutttRQ00ZVlwkmiAd47q,328374,4,jazz
0.412,0.455,5,-7.419,1,0.105,0.983,0.825,0.228,0.835,208.559,audio_features,7yLnge4YIElDiBbGUwlbgS,spotify:track:7yLnge4YIElDiBbGUwlbgS,https://api.spotify.com/v1/tracks/7yLnge4YIElDiBbGUwlbgS,https://api.spotify.com/v1/audio-analysis/7yLnge4YIElDiBbGUwlbgS,174751,4,jazz
0.505,0.159,7,-11.235,0,0.0336,0.946,0.0127,0.212,0.196,59.385,audio_features,7ysmJhXFQtiBQlk6EZ6sks,spotify:track:7ysmJhXFQtiBQlk6EZ6sks,https://api.spotify.com/v1/tracks/7ysmJhXFQtiBQlk6EZ6sks,https://api.spotify.com/v1/audio-analysis/7ysmJhXFQtiBQlk6EZ6sks,295200,4,jazz
